VariableName,Impact_Value
CHAS,0.0
ZN,0.0011862335939318302
RAD,0.011467148563198803
AGE,0.03442358746255008
INDUS,0.036680360115777425
TAX,0.049007084743538966
B,0.08150796173991665
PTRATIO,0.09559695638897746
DIS,0.24549788916198234
NOX,0.2986561215998929
CRIM,0.47090670261752937
RM,1.6684741675780106
LSTAT,2.5720938539819005
